{"cameraMode":{"drawMode":0,"name":"Shaded","section":"Shading Mode"},"sceneLighting":false,"audioPlay":false,"sceneViewState":{"m_AlwaysRefresh":false,"showFog":true,"showSkybox":true,"showFlares":true,"showImageEffects":true,"showParticleSystems":true,"showVisualEffectGraphs":true,"m_FxEnabled":true},"in2DMode":false,"pivot":{"x":-0.37926045060157778,"y":4.697449207305908,"z":-7.21483850479126},"rotation":{"x":0.3481651544570923,"y":0.03285934403538704,"z":-0.012313839979469777,"w":0.9368777275085449},"size":0.7203509211540222,"orthographic":false}