{"cameraMode":{"drawMode":0,"name":"Shaded","section":"Shading Mode"},"sceneLighting":false,"audioPlay":false,"sceneViewState":{"m_AlwaysRefresh":false,"showFog":true,"showSkybox":true,"showFlares":true,"showImageEffects":true,"showParticleSystems":true,"showVisualEffectGraphs":true,"m_FxEnabled":true},"in2DMode":false,"pivot":{"x":1.7526359558105469,"y":1.4000005722045899,"z":106.2055435180664},"rotation":{"x":0.09766729176044464,"y":0.009855718351900578,"z":-0.0009386425372213125,"w":0.9953495264053345},"size":26.449737548828126,"orthographic":false}