{"cameraMode":{"drawMode":0,"name":"Shaded","section":"Shading Mode"},"sceneLighting":false,"audioPlay":false,"sceneViewState":{"m_AlwaysRefresh":false,"showFog":true,"showSkybox":true,"showFlares":true,"showImageEffects":true,"showParticleSystems":true,"showVisualEffectGraphs":true,"m_FxEnabled":true},"in2DMode":false,"pivot":{"x":2.1371941566467287,"y":1.0685462951660157,"z":-0.8660848140716553},"rotation":{"x":-0.007431125734001398,"y":0.9276353716850281,"z":0.01834251545369625,"w":0.3732021450996399},"size":2.2138192653656008,"orthographic":false}