{"cameraMode":{"drawMode":0,"name":"Shaded","section":"Shading Mode"},"sceneLighting":false,"audioPlay":false,"sceneViewState":{"m_AlwaysRefresh":false,"showFog":true,"showSkybox":true,"showFlares":true,"showImageEffects":true,"showParticleSystems":true,"showVisualEffectGraphs":true,"m_FxEnabled":true},"in2DMode":false,"pivot":{"x":-5.693933963775635,"y":4.0347113609313969,"z":-0.023232925683259965},"rotation":{"x":-0.02558516338467598,"y":-0.8965389132499695,"z":0.05225745216012001,"w":-0.4394109547138214},"size":1.1065036058425904,"orthographic":false}